times_utc,ghi_W/m2,eth_W/m2
2022-06-15 00:00:00,0.0,0.0
2022-06-15 00:01:00,0.0,0.0
2022-06-15 00:02:00,0.0,0.0
2022-06-15 00:03:00,0.0,0.0
2022-06-15 00:04:00,0.0,0.0
2022-06-15 00:05:00,0.0,0.0
2022-06-15 00:06:00,0.0,0.0
2022-06-15 00:07:00,0.0,0.0
2022-06-15 00:08:00,0.0,0.0
2022-06-15 00:09:00,0.0,0.0
2022-06-15 00:10:00,0.0,0.0
2022-06-15 00:11:00,0.0,0.0
2022-06-15 00:12:00,0.0,0.0
2022-06-15 00:13:00,0.0,0.0
2022-06-15 00:14:00,0.0,0.0
2022-06-15 00:15:00,0.0,0.0
2022-06-15 00:16:00,0.0,0.0
2022-06-15 00:17:00,0.0,0.0
2022-06-15 00:18:00,0.0,0.0
2022-06-15 00:19:00,0.0,0.0
2022-06-15 00:20:00,0.0,0.0
2022-06-15 00:21:00,0.0,0.0
2022-06-15 00:22:00,0.0,0.0
2022-06-15 00:23:00,0.0,0.0
2022-06-15 00:24:00,0.0,0.0
2022-06-15 00:25:00,0.0,0.0
2022-06-15 00:26:00,0.0,0.0
2022-06-15 00:27:00,0.0,0.0
2022-06-15 00:28:00,0.0,0.0
2022-06-15 00:29:00,0.0,0.0
2022-06-15 00:30:00,0.0,0.0
2022-06-15 00:31:00,0.0,0.0
2022-06-15 00:32:00,0.0,0.0
2022-06-15 00:33:00,0.0,0.0
2022-06-15 00:34:00,0.0,0.0
2022-06-15 00:35:00,0.0,0.0
2022-06-15 00:36:00,0.0,0.0
2022-06-15 00:37:00,0.0,0.0
2022-06-15 00:38:00,0.0,0.0
2022-06-15 00:39:00,0.0,0.0
2022-06-15 00:40:00,0.0,0.0
2022-06-15 00:41:00,0.0,0.0
2022-06-15 00:42:00,0.0,0.0
2022-06-15 00:43:00,0.0,0.0
2022-06-15 00:44:00,0.0,0.0
2022-06-15 00:45:00,0.0,0.0
2022-06-15 00:46:00,0.0,0.0
2022-06-15 00:47:00,0.0,0.0
2022-06-15 00:48:00,0.0,0.0
2022-06-15 00:49:00,0.0,0.0
2022-06-15 00:50:00,0.0,0.0
2022-06-15 00:51:00,0.0,0.0
2022-06-15 00:52:00,0.0,0.0
2022-06-15 00:53:00,0.0,0.0
2022-06-15 00:54:00,0.0,0.0
2022-06-15 00:55:00,0.0,0.0
2022-06-15 00:56:00,0.0,0.0
2022-06-15 00:57:00,0.0,0.0
2022-06-15 00:58:00,0.0,0.0
2022-06-15 00:59:00,0.0,0.0
2022-06-15 01:00:00,0.0,0.0
2022-06-15 01:01:00,0.0,0.0
2022-06-15 01:02:00,0.0,0.0
2022-06-15 01:03:00,0.0,0.0
2022-06-15 01:04:00,0.0,0.0
2022-06-15 01:05:00,0.0,0.0
2022-06-15 01:06:00,0.0,0.0
2022-06-15 01:07:00,0.0,0.0
2022-06-15 01:08:00,0.0,0.0
2022-06-15 01:09:00,0.0,0.0
2022-06-15 01:10:00,0.0,0.0
2022-06-15 01:11:00,0.0,0.0
2022-06-15 01:12:00,0.0,0.0
2022-06-15 01:13:00,0.0,0.0
2022-06-15 01:14:00,0.0,0.0
2022-06-15 01:15:00,0.0,0.0
2022-06-15 01:16:00,0.0,0.0
2022-06-15 01:17:00,0.0,0.0
2022-06-15 01:18:00,0.0,0.0
2022-06-15 01:19:00,0.0,0.0
2022-06-15 01:20:00,0.0,0.0
2022-06-15 01:21:00,0.0,0.0
2022-06-15 01:22:00,0.0,0.0
2022-06-15 01:23:00,0.0,0.0
2022-06-15 01:24:00,0.0,0.0
2022-06-15 01:25:00,0.0,0.0
2022-06-15 01:26:00,0.0,0.0
2022-06-15 01:27:00,0.0,0.0
2022-06-15 01:28:00,0.0,0.0
2022-06-15 01:29:00,0.0,0.0
2022-06-15 01:30:00,0.0,0.0
2022-06-15 01:31:00,0.0,0.0
2022-06-15 01:32:00,0.0,0.0
2022-06-15 01:33:00,0.0,0.0
2022-06-15 01:34:00,0.0,0.0
2022-06-15 01:35:00,0.0,0.0
2022-06-15 01:36:00,0.0,0.0
2022-06-15 01:37:00,0.0,0.0
2022-06-15 01:38:00,0.0,0.0
2022-06-15 01:39:00,0.0,0.0
2022-06-15 01:40:00,0.0,0.0
2022-06-15 01:41:00,0.0,0.0
2022-06-15 01:42:00,0.0,0.0
2022-06-15 01:43:00,0.0,0.0
2022-06-15 01:44:00,0.0,0.0
2022-06-15 01:45:00,0.0,0.0
2022-06-15 01:46:00,0.0,0.0
2022-06-15 01:47:00,0.0,0.0
2022-06-15 01:48:00,0.0,0.0
2022-06-15 01:49:00,0.0,0.0
2022-06-15 01:50:00,0.0,0.0
2022-06-15 01:51:00,0.0,0.0
2022-06-15 01:52:00,0.0,0.0
2022-06-15 01:53:00,0.0,0.0
2022-06-15 01:54:00,0.0,0.0
2022-06-15 01:55:00,0.0,0.0
2022-06-15 01:56:00,0.0,0.0
2022-06-15 01:57:00,0.0,0.0
2022-06-15 01:58:00,0.0,0.0
2022-06-15 01:59:00,0.0,0.0
2022-06-15 02:00:00,0.0,0.0
2022-06-15 02:01:00,0.0,0.0
2022-06-15 02:02:00,0.0,0.0
2022-06-15 02:03:00,0.0,0.0
2022-06-15 02:04:00,0.0,0.0
2022-06-15 02:05:00,0.0,0.0
2022-06-15 02:06:00,0.0,0.0
2022-06-15 02:07:00,0.0,0.0
2022-06-15 02:08:00,0.0,0.0
2022-06-15 02:09:00,0.0,0.0
2022-06-15 02:10:00,0.0,0.0
2022-06-15 02:11:00,0.0,0.0
2022-06-15 02:12:00,0.0,0.0
2022-06-15 02:13:00,0.0,0.0
2022-06-15 02:14:00,0.0,0.0
2022-06-15 02:15:00,0.0,0.0
2022-06-15 02:16:00,0.0,0.0
2022-06-15 02:17:00,0.0,0.0
2022-06-15 02:18:00,0.0,0.0
2022-06-15 02:19:00,0.0,0.0
2022-06-15 02:20:00,0.0,0.0
2022-06-15 02:21:00,0.0,0.0
2022-06-15 02:22:00,0.0,0.0
2022-06-15 02:23:00,0.0,0.0
2022-06-15 02:24:00,0.0,0.0
2022-06-15 02:25:00,0.0,0.0
2022-06-15 02:26:00,0.0,0.0
2022-06-15 02:27:00,0.0,0.0
2022-06-15 02:28:00,0.0,0.0
2022-06-15 02:29:00,0.0,0.0
2022-06-15 02:30:00,0.0,0.0
2022-06-15 02:31:00,0.0,0.0
2022-06-15 02:32:00,0.0,0.0
2022-06-15 02:33:00,0.0,0.0
2022-06-15 02:34:00,0.0,0.0
2022-06-15 02:35:00,0.0,0.0
2022-06-15 02:36:00,0.0,0.0
2022-06-15 02:37:00,0.0,0.0
2022-06-15 02:38:00,0.0,0.0
2022-06-15 02:39:00,0.0,0.0
2022-06-15 02:40:00,0.0,0.0
2022-06-15 02:41:00,0.0,0.0
2022-06-15 02:42:00,0.0,0.0
2022-06-15 02:43:00,0.0,0.0
2022-06-15 02:44:00,0.0,0.0
2022-06-15 02:45:00,0.0,0.0
2022-06-15 02:46:00,0.0,0.0
2022-06-15 02:47:00,0.0,0.0
2022-06-15 02:48:00,0.0,0.0
2022-06-15 02:49:00,0.0,0.0
2022-06-15 02:50:00,0.0,0.0
2022-06-15 02:51:00,0.0,0.0
2022-06-15 02:52:00,0.0,0.0
2022-06-15 02:53:00,0.0,0.0
2022-06-15 02:54:00,0.0,0.0
2022-06-15 02:55:00,0.0,0.0
2022-06-15 02:56:00,0.0,0.0
2022-06-15 02:57:00,0.0,0.0
2022-06-15 02:58:00,0.0,0.0
2022-06-15 02:59:00,0.0,0.0
2022-06-15 03:00:00,0.0,0.0
2022-06-15 03:01:00,0.0,0.0
2022-06-15 03:02:00,0.0,0.0
2022-06-15 03:03:00,0.0,0.0
2022-06-15 03:04:00,0.0,0.0
2022-06-15 03:05:00,0.0,0.0
2022-06-15 03:06:00,0.0,0.0
2022-06-15 03:07:00,0.0,0.0
2022-06-15 03:08:00,0.0,0.0
2022-06-15 03:09:00,0.0,0.0
2022-06-15 03:10:00,0.0,0.0
2022-06-15 03:11:00,0.0,0.0
2022-06-15 03:12:00,0.0,0.0
2022-06-15 03:13:00,0.0,0.0
2022-06-15 03:14:00,0.0,0.0
2022-06-15 03:15:00,0.0,0.0
2022-06-15 03:16:00,0.0,0.0
2022-06-15 03:17:00,0.0,0.0
2022-06-15 03:18:00,0.0,0.0
2022-06-15 03:19:00,0.0,0.0
2022-06-15 03:20:00,0.0,0.0
2022-06-15 03:21:00,0.0,0.0
2022-06-15 03:22:00,0.0,0.0
2022-06-15 03:23:00,0.0,0.0
2022-06-15 03:24:00,0.0,0.0
2022-06-15 03:25:00,0.0,0.0
2022-06-15 03:26:00,0.0,0.0
2022-06-15 03:27:00,0.0,0.0
2022-06-15 03:28:00,0.0,0.0
2022-06-15 03:29:00,0.0,0.0
2022-06-15 03:30:00,0.0,0.0
2022-06-15 03:31:00,0.0,0.0
2022-06-15 03:32:00,0.0,0.0
2022-06-15 03:33:00,0.0,0.0
2022-06-15 03:34:00,0.0,0.0
2022-06-15 03:35:00,0.0,0.0
2022-06-15 03:36:00,0.0,0.0
2022-06-15 03:37:00,0.0,0.0
2022-06-15 03:38:00,0.0,0.0
2022-06-15 03:39:00,0.0,0.0
2022-06-15 03:40:00,0.0,0.0
2022-06-15 03:41:00,0.0,0.0
2022-06-15 03:42:00,0.0,0.0
2022-06-15 03:43:00,0.0,0.0
2022-06-15 03:44:00,0.0,0.0
2022-06-15 03:45:00,0.0,0.0
2022-06-15 03:46:00,0.0,0.0
2022-06-15 03:47:00,0.0,0.0
2022-06-15 03:48:00,0.0,0.0
2022-06-15 03:49:00,0.0,0.0
2022-06-15 03:50:00,0.0,0.0
2022-06-15 03:51:00,0.0,0.0
2022-06-15 03:52:00,0.0,0.0
2022-06-15 03:53:00,0.0,0.0
2022-06-15 03:54:00,0.0,0.0
2022-06-15 03:55:00,0.0,0.0
2022-06-15 03:56:00,0.0,0.0
2022-06-15 03:57:00,0.0,0.0
2022-06-15 03:58:00,0.0,0.0
2022-06-15 03:59:00,0.0,0.0
2022-06-15 04:00:00,0.0,0.0
2022-06-15 04:01:00,0.0,0.0
2022-06-15 04:02:00,0.0,0.0
2022-06-15 04:03:00,0.0,0.0
2022-06-15 04:04:00,0.0,0.0
2022-06-15 04:05:00,0.0,0.0
2022-06-15 04:06:00,0.0,0.0
2022-06-15 04:07:00,0.0,0.0
2022-06-15 04:08:00,0.0,0.0
2022-06-15 04:09:00,0.0,0.0
2022-06-15 04:10:00,0.0,0.0
2022-06-15 04:11:00,0.0,0.0
2022-06-15 04:12:00,0.0,0.0
2022-06-15 04:13:00,0.0,0.0
2022-06-15 04:14:00,0.0,0.0
2022-06-15 04:15:00,0.0,0.0
2022-06-15 04:16:00,0.0,0.0
2022-06-15 04:17:00,0.0,0.0
2022-06-15 04:18:00,0.0,0.0
2022-06-15 04:19:00,0.0,0.0
2022-06-15 04:20:00,0.0,0.0
2022-06-15 04:21:00,0.0,0.0
2022-06-15 04:22:00,0.0,0.0
2022-06-15 04:23:00,0.0,0.0
2022-06-15 04:24:00,0.0,0.0
2022-06-15 04:25:00,0.0,0.0
2022-06-15 04:26:00,0.0,0.0
2022-06-15 04:27:00,0.0,0.0
2022-06-15 04:28:00,0.0,0.0
2022-06-15 04:29:00,0.0,0.0
2022-06-15 04:30:00,0.0,0.0
2022-06-15 04:31:00,0.0,0.0
2022-06-15 04:32:00,0.0,0.0
2022-06-15 04:33:00,0.0,0.0
2022-06-15 04:34:00,0.0,0.0
2022-06-15 04:35:00,0.0,0.0
2022-06-15 04:36:00,0.0,0.0
2022-06-15 04:37:00,0.0,0.0
2022-06-15 04:38:00,0.0,0.0
2022-06-15 04:39:00,0.0,0.0
2022-06-15 04:40:00,0.0,0.0
2022-06-15 04:41:00,0.0,0.0
2022-06-15 04:42:00,0.0,0.0
2022-06-15 04:43:00,0.0,0.0
2022-06-15 04:44:00,0.0,0.0
2022-06-15 04:45:00,0.0,0.0
2022-06-15 04:46:00,0.0,0.0
2022-06-15 04:47:00,0.0,0.0
2022-06-15 04:48:00,0.0,0.0
2022-06-15 04:49:00,0.0,0.0
2022-06-15 04:50:00,0.0,0.0
2022-06-15 04:51:00,0.0,0.0
2022-06-15 04:52:00,0.0,0.0
2022-06-15 04:53:00,0.0,0.0
2022-06-15 04:54:00,0.0,0.0
2022-06-15 04:55:00,0.0,0.0
2022-06-15 04:56:00,0.0,0.0
2022-06-15 04:57:00,0.0,0.0
2022-06-15 04:58:00,0.5223859518202819,3.0094842633907817
2022-06-15 04:59:00,0.5989526959585701,6.974995390455988
2022-06-15 05:00:00,0.9269939029525947,10.946417955509412
2022-06-15 05:01:00,1.3963161439029217,14.923676377763798
2022-06-15 05:02:00,2.0346687824922998,18.906694965617582
2022-06-15 05:03:00,2.8248862653128874,22.89539791792372
2022-06-15 05:04:00,3.6892582563005285,26.889709325188075
2022-06-15 05:05:00,4.6147923664970625,30.889553171169794
2022-06-15 05:06:00,5.60838972863726,34.89485333443886
2022-06-15 05:07:00,6.710903942048628,38.905533589611835
2022-06-15 05:08:00,7.869702557108262,42.921517609031646
2022-06-15 05:09:00,9.08202947832993,46.9427289639975
2022-06-15 05:10:00,10.345839151773694,50.96909112618261
2022-06-15 05:11:00,11.659551567369412,55.00052746966775
2022-06-15 05:12:00,13.02188882202257,59.03696127149407
2022-06-15 05:13:00,14.431766506794542,63.07831571383487
2022-06-15 05:14:00,15.888221996899764,67.12451388506342
2022-06-15 05:15:00,17.39036758119555,71.17547878148221
2022-06-15 05:16:00,18.937360282433453,75.23113330862218
2022-06-15 05:17:00,20.52838285241413,79.29140028280214
2022-06-15 05:18:00,22.162632203383932,83.35620243234614
2022-06-15 05:19:00,23.839312742652552,87.42546239956728
2022-06-15 05:20:00,25.55763289536582,91.499102741699
2022-06-15 05:21:00,27.31680365972015,95.57704593258313
2022-06-15 05:22:00,29.11603841831948,99.6592143644458
2022-06-15 05:23:00,30.954553488592044,103.74553034888567
2022-06-15 05:24:00,32.83156907272563,107.83591611847163
2022-06-15 05:25:00,34.74631038678768,111.93029382851934
2022-06-15 05:26:00,36.69800882949197,116.02858555812217
2022-06-15 05:27:00,38.68590310679807,120.1307133121921
2022-06-15 05:28:00,40.70924026289715,124.23659902225846
2022-06-15 05:29:00,42.76727659421941,128.34616454860773
2022-06-15 05:30:00,44.859278436009475,132.45933168133092
2022-06-15 05:31:00,46.98452282260774,136.57602214201302
2022-06-15 05:32:00,49.142298026987376,140.69615758509602
2022-06-15 05:33:00,51.33190398916916,144.81965959977128
2022-06-15 05:34:00,53.55265264339598,148.94644971079896
2022-06-15 05:35:00,55.80386815627685,153.07644938040914
2022-06-15 05:36:00,58.08488708607686,157.2095800098419
2022-06-15 05:37:00,60.3950584734615,161.34576294063532
2022-06-15 05:38:00,62.73374387350903,165.48491945630525
2022-06-15 05:39:00,65.10031733718628,169.62697078376834
2022-06-15 05:40:00,67.4941653500325,173.77183809472862
2022-06-15 05:41:00,69.91468673507244,177.91944250750396
2022-06-15 05:42:00,72.36129252517723,182.069705088094
2022-06-15 05:43:00,74.83340581085523,186.22254685192593
2022-06-15 05:44:00,77.33046156740923,190.37788876534125
2022-06-15 05:45:00,79.85190646559886,194.5356517473271
2022-06-15 05:46:00,82.39719866862791,198.69575667057046
2022-06-15 05:47:00,84.96580761901808,202.8581243631174
2022-06-15 05:48:00,87.5572138174509,207.0226756099376
2022-06-15 05:49:00,90.17090859583861,211.18933115469954
2022-06-15 05:50:00,92.80709317927389,215.35801170066802
2022-06-15 05:51:00,95.46488096560374,219.5286379128503
2022-06-15 05:52:00,98.14352893908998,223.70113041889596
2022-06-15 05:53:00,100.84256887168794,227.87540981134856
2022-06-15 05:54:00,103.56154219977071,232.05139664831
2022-06-15 05:55:00,106.29999979158508,236.22901145545265
2022-06-15 05:56:00,109.05750171669337,240.40817472791846
2022-06-15 05:57:00,111.83361701716629,244.58880693085118
2022-06-15 05:58:00,114.627923482867,248.77082850156722
2022-06-15 05:59:00,117.44000742969794,252.95415985098336
2022-06-15 06:00:00,120.2694634815548,257.13872136502437
2022-06-15 06:01:00,123.11589435638834,261.32443340624576
2022-06-15 06:02:00,125.97891065626095,265.5112163152179
2022-06-15 06:03:00,128.85813066195198,269.69899041227893
2022-06-15 06:04:00,131.7531801315719,273.88767599870727
2022-06-15 06:05:00,134.66369210403482,278.07719335844604
2022-06-15 06:06:00,137.58930670692303,282.2674627596184
2022-06-15 06:07:00,140.5296709690801,286.4584044563316
2022-06-15 06:08:00,143.4844386371028,290.6499386894671
2022-06-15 06:09:00,146.4532699972163,294.84198568874695
2022-06-15 06:10:00,149.43583170129315,299.0344656742269
2022-06-15 06:11:00,152.4317965971557,303.2272988575274
2022-06-15 06:12:00,155.44084356375348,307.42040544369416
2022-06-15 06:13:00,158.46265735031818,311.61370563251154
2022-06-15 06:14:00,161.49692842000024,315.8071196200649
2022-06-15 06:15:00,164.54335279765144,320.0005676001867
2022-06-15 06:16:00,167.60163192202785,324.1939697662666
2022-06-15 06:17:00,170.67147250143222,328.3872463121817
2022-06-15 06:18:00,173.75258637447237,332.5803174348054
2022-06-15 06:19:00,176.8446903732186,336.77310333437623
2022-06-15 06:20:00,179.94750619145447,340.96552421668724
2022-06-15 06:21:00,183.06076025603738,345.1575002943883
2022-06-15 06:22:00,186.18418360229322,349.34895178882283
2022-06-15 06:23:00,189.3175117524973,353.5397989312362
2022-06-15 06:24:00,192.4604845979572,357.7299619641728
2022-06-15 06:25:00,195.61284628487215,361.9193611434053
2022-06-15 06:26:00,198.77434510290917,366.10791673910177
2022-06-15 06:27:00,201.94473337746348,370.29554903763636
2022-06-15 06:28:00,205.12376736446888,374.4821783426513
2022-06-15 06:29:00,208.31120714894587,378.66772497704534
2022-06-15 06:30:00,211.506816546164,382.8521092845652
2022-06-15 06:31:00,214.7103630052551,387.03525163076563
2022-06-15 06:32:00,217.92161751620773,391.2170724048452
2022-06-15 06:33:00,221.14035451936473,395.3974920211692
2022-06-15 06:34:00,224.36635181760312,399.5764309208744
2022-06-15 06:35:00,227.59939049084545,403.7538095731837
2022-06-15 06:36:00,230.83925481314557,407.9295484768511
2022-06-15 06:37:00,234.08573217264598,412.1035681622038
2022-06-15 06:38:00,237.33861299288054,416.27578919190756
2022-06-15 06:39:00,240.59769065735844,420.4461321630398
2022-06-15 06:40:00,243.86276143563381,424.6145177082336
2022-06-15 06:41:00,247.13362441236615,428.78086649796444
2022-06-15 06:42:00,250.41008141694516,432.9450992408158
2022-06-15 06:43:00,253.6919369565651,437.1071366856818
2022-06-15 06:44:00,256.9789981509882,441.26689962358336
2022-06-15 06:45:00,260.27107466845666,445.4243088885515
2022-06-15 06:46:00,263.5679786642291,449.5792853595139
2022-06-15 06:47:00,266.8695247204295,453.7317499615892
2022-06-15 06:48:00,270.1755297880409,457.88162366790675
2022-06-15 06:49:00,273.4858131299841,462.02882750068795
2022-06-15 06:50:00,276.8001962663673,466.17328253301287
2022-06-15 06:51:00,280.11850292098427,470.3149098901663
2022-06-15 06:52:00,283.4405589699363,474.4536307517812
2022-06-15 06:53:00,286.76619239033664,478.5893663521311
2022-06-15 06:54:00,290.09523321215346,482.7220379826471
2022-06-15 06:55:00,293.4275134702844,486.8515669929381
2022-06-15 06:56:00,296.7628671585293,490.9778747924961
2022-06-15 06:57:00,300.1011301846019,495.1008828520657
2022-06-15 06:58:00,303.4421403265955,499.22051270523707
2022-06-15 06:59:00,306.78573719052076,503.3366859498418
2022-06-15 07:00:00,310.13176216919965,507.4493242495417
2022-06-15 07:01:00,313.4800584021869,511.5583493352534
2022-06-15 07:02:00,316.83047073668473,515.6636830064009
2022-06-15 07:03:00,320.18284569052264,519.7652471334125
2022-06-15 07:04:00,323.5370314142609,523.8629636577342
2022-06-15 07:05:00,326.89287765611414,527.9567545941505
2022-06-15 07:06:00,330.2502357273457,532.0465420324005
2022-06-15 07:07:00,333.6089584681118,536.1322481381712
2022-06-15 07:08:00,336.96890021499803,540.2137951550125
2022-06-15 07:09:00,340.3299167688731,544.2911054055223
2022-06-15 07:10:00,343.6918653639101,548.3641012928797
2022-06-15 07:11:00,347.0546046376826,552.432705302634
2022-06-15 07:12:00,350.4179946013611,556.4968400036101
2022-06-15 07:13:00,353.78189661157273,560.556428049844
2022-06-15 07:14:00,357.14617334227466,564.6113921815733
2022-06-15 07:15:00,360.51068875877843,568.661655227961
2022-06-15 07:16:00,363.8753080900193,572.7071401066925
2022-06-15 07:17:00,367.2398978041047,576.7477698267759
2022-06-15 07:18:00,370.6043255830776,580.7834674894953
2022-06-15 07:19:00,373.96846029905316,584.8141562902109
2022-06-15 07:20:00,377.3321719903411,588.8397595193536
2022-06-15 07:21:00,380.69533183896675,592.8602005643249
2022-06-15 07:22:00,384.0578121482906,596.8754029107768
2022-06-15 07:23:00,387.41948632127713,600.8852901439373
2022-06-15 07:24:00,390.7802288396431,604.889785950295
2022-06-15 07:25:00,394.13991524307676,608.8888141186698
2022-06-15 07:26:00,397.4984221101667,612.8822985427214
2022-06-15 07:27:00,400.85562703781534,616.8701632208956
2022-06-15 07:28:00,404.2114086230769,620.8523322587516
2022-06-15 07:29:00,407.5656464446856,624.8287298702552
2022-06-15 07:30:00,410.9182210453164,628.7992803793695
2022-06-15 07:31:00,414.26901391394745,632.7639082211947
2022-06-15 07:32:00,417.6179074691293,636.7225379436297
2022-06-15 07:33:00,420.9647850423718,640.6750942086361
2022-06-15 07:34:00,424.30953086239157,644.6215017939967
2022-06-15 07:35:00,427.65203003904264,648.5616855941945
2022-06-15 07:36:00,430.99216854851727,652.4955706222851
2022-06-15 07:37:00,434.32983321875633,656.4230820115973
2022-06-15 07:38:00,437.660258311166,660.344145016258
2022-06-15 07:39:00,440.9778683201031,664.2586850133359
2022-06-15 07:40:00,444.29278084288535,668.1666275039839
2022-06-15 07:41:00,447.6048850369293,672.0678981150966
2022-06-15 07:42:00,450.9140708551713,675.9624226002602
2022-06-15 07:43:00,454.220229033814,679.8501268418343
2022-06-15 07:44:00,457.5232510791866,683.7309368515929
2022-06-15 07:45:00,460.82302925618524,687.6047787728294
2022-06-15 07:46:00,464.1194565760776,691.4715788813392
2022-06-15 07:47:00,467.4124267849797,695.3312635868051
2022-06-15 07:48:00,470.70183435318705,699.1837594348943
2022-06-15 07:49:00,473.987574463375,703.0289931075486
2022-06-15 07:50:00,477.26954300047623,706.8668914250313
2022-06-15 07:51:00,480.5476365413805,710.6973813473695
2022-06-15 07:52:00,483.8217523446062,714.5203899754524
2022-06-15 07:53:00,487.091788340775,718.3358445527617
2022-06-15 07:54:00,490.357643122662,722.1436724662931
2022-06-15 07:55:00,493.6192159362857,725.9438012483993
2022-06-15 07:56:00,496.8764066717333,729.7361585780272
2022-06-15 07:57:00,500.1291158541277,733.5206722818245
2022-06-15 07:58:00,503.37724463547187,737.2972703359504
2022-06-15 07:59:00,506.62069478584255,741.065880866768
2022-06-15 08:00:00,509.8593686866533,744.8264321535767
2022-06-15 08:01:00,513.093169321929,748.5788526283677
2022-06-15 08:02:00,516.3220002721639,752.3230708780142
2022-06-15 08:03:00,519.5457657082519,756.0590156455844
2022-06-15 08:04:00,522.7643703862691,759.7866158315288
2022-06-15 08:05:00,525.9777196437634,763.5058004952488
2022-06-15 08:06:00,529.1857193971143,767.2164988563019
2022-06-15 08:07:00,532.388276140548,770.9186402957299
2022-06-15 08:08:00,535.5852969468821,774.6121543574468
2022-06-15 08:09:00,538.7766894700246,778.2969707496525
2022-06-15 08:10:00,541.9623619488,781.9730193457832
2022-06-15 08:11:00,545.142223213589,785.6402301869009
2022-06-15 08:12:00,548.3161826924264,789.298533481646
2022-06-15 08:13:00,551.4841504200831,792.947859608357
2022-06-15 08:14:00,554.6460370472422,796.5881391161557
2022-06-15 08:15:00,557.8017538507934,800.2193027266394
2022-06-15 08:16:00,560.9512127435949,803.8412813346647
2022-06-15 08:17:00,564.0943262849341,807.4540060100583
2022-06-15 08:18:00,567.2310076900097,811.0574079987199
2022-06-15 08:19:00,570.3611708389485,814.6514187240966
2022-06-15 08:20:00,573.4847302843125,818.2359697881589
2022-06-15 08:21:00,576.6016012578309,821.8109929730193
2022-06-15 08:22:00,579.7116996755643,825.3764202426031
2022-06-15 08:23:00,582.8149421403052,828.9321837429869
2022-06-15 08:24:00,585.9112459432904,832.4782158042111
2022-06-15 08:25:00,589.0005290637715,836.014448941752
2022-06-15 08:26:00,592.0827101661575,839.5408158574706
2022-06-15 08:27:00,595.1577085957365,843.0572494411405
2022-06-15 08:28:00,598.2254443719889,846.563682771387
2022-06-15 08:29:00,601.2858381808646,850.0600491175027
2022-06-15 08:30:00,604.3388113644021,853.5462819401813
2022-06-15 08:31:00,607.3842859094937,857.0223148930688
2022-06-15 08:32:00,610.4221844347248,860.488081823744
2022-06-15 08:33:00,613.4524301768878,863.9435167758619
2022-06-15 08:34:00,616.4749469746389,867.3885539891679
2022-06-15 08:35:00,619.4896592526652,870.8231279013282
2022-06-15 08:36:00,622.4964920048103,874.2471731493983
2022-06-15 08:37:00,625.495370776035,877.6606245706914
2022-06-15 08:38:00,628.486221644464,881.0634172042805
2022-06-15 08:39:00,631.4689712027787,884.4554862921116
2022-06-15 08:40:00,634.4435465394884,887.8367672801821
2022-06-15 08:41:00,637.4098752202776,891.2071958198453
2022-06-15 08:42:00,640.3678852695268,894.566707769224
2022-06-15 08:43:00,643.3175051514645,897.9152391939797
2022-06-15 08:44:00,646.2586637521167,901.2527263686359
2022-06-15 08:45:00,649.1912903623245,904.579105778749
2022-06-15 08:46:00,652.1153146590727,907.8943141204865
2022-06-15 08:47:00,655.0306666896587,911.1982883029646
2022-06-15 08:48:00,657.9372768552457,914.4909654491399
2022-06-15 08:49:00,660.8350758952643,917.7722828969505
2022-06-15 08:50:00,663.7239948726374,921.0421782006083
2022-06-15 08:51:00,666.6039651596437,924.300589131811
2022-06-15 08:52:00,669.4749184243017,927.5474536806979
2022-06-15 08:53:00,672.3367866180326,930.7827100574063
2022-06-15 08:54:00,675.189501963448,934.0062966928897
2022-06-15 08:55:00,678.032996943172,937.2181522400278
2022-06-15 08:56:00,680.867204290251,940.4182155757303
2022-06-15 08:57:00,683.6920569774529,943.6064258007717
2022-06-15 08:58:00,686.5074882089028,946.7827222415659
2022-06-15 08:59:00,689.3134314121013,949.9470444514532
2022-06-15 09:00:00,692.1098202303842,953.0993322116866
2022-06-15 09:01:00,694.8965885163257,956.2395255326834
2022-06-15 09:02:00,697.6736703254962,959.3675646549004
2022-06-15 09:03:00,700.4409999113996,962.4833900502971
2022-06-15 09:04:00,703.1985117206563,965.5869424233475
2022-06-15 09:05:00,705.9461403887676,968.6781627120259
2022-06-15 09:06:00,708.6838207365563,971.7569920888669
2022-06-15 09:07:00,711.4114877679114,974.8233719629466
2022-06-15 09:08:00,714.1290766663765,977.8772439798047
2022-06-15 09:09:00,716.8365227936233,980.9185500230728
2022-06-15 09:10:00,719.5337616881345,983.9472322157211
2022-06-15 09:11:00,722.2207290640041,986.9632329209436
2022-06-15 09:12:00,724.8973608105279,989.9664947434513
2022-06-15 09:13:00,727.5635929917537,992.9569605302736
2022-06-15 09:14:00,730.2193618469772,995.9345733721943
2022-06-15 09:15:00,732.8646037909788,998.8992766045112
2022-06-15 09:16:00,735.4992554151579,1001.8510138084313
2022-06-15 09:17:00,738.123253488187,1004.7897288115715
2022-06-15 09:18:00,740.7365349584953,1007.7153656902768
2022-06-15 09:19:00,743.3390369545822,1010.6278687690578
2022-06-15 09:20:00,745.9306967878139,1013.5271826226976
2022-06-15 09:21:00,748.5114519543695,1016.413252077087
2022-06-15 09:22:00,751.0812401374653,1019.2860222101575
2022-06-15 09:23:00,753.6399992099798,1022.1454383530624
2022-06-15 09:24:00,756.1876672369995,1024.9914460910834
2022-06-15 09:25:00,758.7241824788289,1027.82399126489
2022-06-15 09:26:00,761.2494833936696,1030.643019971279
2022-06-15 09:27:00,763.7635086408648,1033.4484785644147
2022-06-15 09:28:00,766.266197083946,1036.2403136567289
2022-06-15 09:29:00,768.7574877938082,1039.0184721198443
2022-06-15 09:30:00,771.2373200526711,1041.7829010863654
2022-06-15 09:31:00,773.7056333563411,1044.533547949541
2022-06-15 09:32:00,776.1623674184801,1047.2703603652503
2022-06-15 09:33:00,778.6074621738485,1049.9932862527235
2022-06-15 09:34:00,781.0408577817809,1052.702273795482
2022-06-15 09:35:00,783.4624946297913,1055.3972714423942
2022-06-15 09:36:00,785.8723133371675,1058.0782279086966
2022-06-15 09:37:00,788.2702547584922,1060.7450921769087
2022-06-15 09:38:00,790.6562599871322,1063.3978134977103
2022-06-15 09:39:00,793.0302703589929,1066.0363413911086
2022-06-15 09:40:00,795.3922274557923,1068.6606256470554
2022-06-15 09:41:00,797.7420731093504,1071.2706163272894
2022-06-15 09:42:00,800.0797494040514,1073.866263765
2022-06-15 09:43:00,802.4051986810035,1076.4475185665572
2022-06-15 09:44:00,804.7183635415595,1079.014331612477
2022-06-15 09:45:00,807.0191868504135,1081.5666540579625
2022-06-15 09:46:00,809.3076117394769,1084.104437334341
2022-06-15 09:47:00,811.5835816107717,1086.6276331494453
2022-06-15 09:48:00,813.8470401402014,1089.1361934890122
2022-06-15 09:49:00,816.0979312805086,1091.6300706172185
2022-06-15 09:50:00,818.3361992647831,1094.1092170778666
2022-06-15 09:51:00,820.5617886092841,1096.5735856948495
2022-06-15 09:52:00,822.7746441175245,1099.0231295741326
2022-06-15 09:53:00,824.9747108821389,1101.4578021031768
2022-06-15 09:54:00,827.1619342887241,1103.8775569527534
2022-06-15 09:55:00,829.3362600186847,1106.2823480776292
2022-06-15 09:56:00,831.4976340522247,1108.672129717484
2022-06-15 09:57:00,833.6460026711006,1111.0468563976153
2022-06-15 09:58:00,835.781312461593,1113.4064829299425
2022-06-15 09:59:00,837.9035103173308,1115.750964413896
2022-06-15 10:00:00,840.0125434418949,1118.0802562371236
2022-06-15 10:01:00,842.1083593516643,1120.3943140765166
2022-06-15 10:02:00,844.1909058781018,1122.6930938986573
2022-06-15 10:03:00,846.260131171194,1124.9765519616708
2022-06-15 10:04:00,848.3159837008475,1127.2446448147232
2022-06-15 10:05:00,850.3584122600687,1129.4973292996935
2022-06-15 10:06:00,852.3873659670809,1131.7345625516552
2022-06-15 10:07:00,854.4027942679961,1133.9563020000314
2022-06-15 10:08:00,856.4046469387595,1136.1625053690063
2022-06-15 10:09:00,858.3928740876659,1138.3531306786135
2022-06-15 10:10:00,860.3674261574113,1140.5281362453693
2022-06-15 10:11:00,862.3282539274061,1142.687480683244
2022-06-15 10:12:00,864.2753085156706,1144.8311229042172
2022-06-15 10:13:00,866.2085413810955,1146.9590221192889
2022-06-15 10:14:00,868.1279043250927,1149.0711378388537
2022-06-15 10:15:00,870.0333494943574,1151.1674298744233
2022-06-15 10:16:00,871.9248293817136,1153.2478583381212
2022-06-15 10:17:00,873.8022968286709,1155.312383644275
2022-06-15 10:18:00,875.6657050270371,1157.3609665099293
2022-06-15 10:19:00,877.5150075207405,1159.3935679556507
2022-06-15 10:20:00,879.3501582074846,1161.4101493061885
2022-06-15 10:21:00,881.171111340507,1163.4106721912976
2022-06-15 10:22:00,882.9778215301383,1165.3950985463784
2022-06-15 10:23:00,884.7702437455443,1167.3633906133566
2022-06-15 10:24:00,886.5483333161145,1169.315510941217
2022-06-15 10:25:00,888.312045932892,1171.2514223866044
2022-06-15 10:26:00,890.0613376507113,1173.1710881153163
2022-06-15 10:27:00,891.7961648886875,1175.0744716018644
2022-06-15 10:28:00,893.5164844321938,1176.9615366308633
2022-06-15 10:29:00,895.2222534341336,1178.8322472975988
2022-06-15 10:30:00,896.9134294162683,1180.6865680087108
2022-06-15 10:31:00,898.589970270442,1182.524463482788
2022-06-15 10:32:00,900.2518342599833,1184.3458987511963
2022-06-15 10:33:00,901.8989800207207,1186.1508391585064
2022-06-15 10:34:00,903.5313665624631,1187.939250363468
2022-06-15 10:35:00,905.1489532698629,1189.7110983393306
2022-06-15 10:36:00,906.7516999036548,1191.46634937459
2022-06-15 10:37:00,908.3395666021653,1193.2049700741406
2022-06-15 10:38:00,909.9125138816074,1194.9269273589564
2022-06-15 10:39:00,911.470502637748,1196.6321884674678
2022-06-15 10:40:00,913.0134941465908,1198.320720955803
2022-06-15 10:41:00,914.5414500656681,1199.992492698733
2022-06-15 10:42:00,916.0543324347126,1201.647471889963
2022-06-15 10:43:00,917.5521036767409,1203.2856270428983
2022-06-15 10:44:00,919.0347265989155,1204.9069269911838
2022-06-15 10:45:00,920.5021643935868,1206.5113408894672
2022-06-15 10:46:00,921.9543806388751,1208.0988382136752
2022-06-15 10:47:00,923.3913392996803,1209.6693887617619
2022-06-15 10:48:00,924.8130047287311,1211.222962654601
2022-06-15 10:49:00,926.2193416669681,1212.7595303360013
2022-06-15 10:50:00,927.6103152443789,1214.2790625734
2022-06-15 10:51:00,928.985890981066,1215.7815304587477
2022-06-15 10:52:00,930.3460347877092,1217.2669054087546
2022-06-15 10:53:00,931.6907129663658,1218.7351591655329
2022-06-15 10:54:00,933.0198922111449,1220.1862637971092
2022-06-15 10:55:00,934.3335396089312,1221.620191698007
2022-06-15 10:56:00,935.6316226399915,1223.0369155897126
2022-06-15 10:57:00,936.9141091786414,1224.4364085212267
2022-06-15 10:58:00,938.1809674938897,1225.8186438695975
2022-06-15 10:59:00,939.4321662498476,1227.183595340191
2022-06-15 11:00:00,940.6676745069012,1228.5312369679004
2022-06-15 11:01:00,941.8874617214824,1229.8615431166565
2022-06-15 11:02:00,943.0914977471723,1231.1744884805782
2022-06-15 11:03:00,944.2797528350955,1232.470048084275
2022-06-15 11:04:00,945.4521976344519,1233.7481972833239
2022-06-15 11:05:00,946.6088031930065,1235.008911764711
2022-06-15 11:06:00,947.7495409576417,1236.252167547351
2022-06-15 11:07:00,948.8743827747809,1237.4779409824725
2022-06-15 11:08:00,949.983300890979,1238.6862087541956
2022-06-15 11:09:00,951.0762679532193,1239.8769478797992
2022-06-15 11:10:00,952.1532570094273,1241.0501357102091
2022-06-15 11:11:00,953.2142415091135,1242.2057499307261
2022-06-15 11:12:00,954.2591953034223,1243.3437685609367
2022-06-15 11:13:00,955.2880926457807,1244.4641699554613
2022-06-15 11:14:00,956.3009081922619,1245.5669328043077
2022-06-15 11:15:00,957.2976170019481,1246.6520361332489
2022-06-15 11:16:00,958.278194537301,1247.7194593042118
2022-06-15 11:17:00,959.242616664631,1248.7691820157863
2022-06-15 11:18:00,960.1908596542701,1249.8011843034085
2022-06-15 11:19:00,961.1229001811143,1250.8154465399596
2022-06-15 11:20:00,962.0387153247789,1251.8119494359373
2022-06-15 11:21:00,962.9382825699852,1252.7906740398805
2022-06-15 11:22:00,963.8215798070996,1253.7516017390371
2022-06-15 11:23:00,964.6885853320089,1254.6947142591516
2022-06-15 11:24:00,965.5392778467321,1255.619993665224
2022-06-15 11:25:00,966.3736364596075,1256.527422361727
2022-06-15 11:26:00,967.1916406855651,1257.4169830929397
2022-06-15 11:27:00,967.9932704464585,1258.2886589433433
2022-06-15 11:28:00,968.7785060711951,1259.1424333378088
2022-06-15 11:29:00,969.5473282960961,1259.978290042032
2022-06-15 11:30:00,970.299718265112,1260.7962131628185
2022-06-15 11:31:00,971.0356575299943,1261.596187148321
2022-06-15 11:32:00,971.7551280505381,1262.378196788345
2022-06-15 11:33:00,972.4581121949617,1263.1422272148889
2022-06-15 11:34:00,973.1445927398215,1263.8882639020096
2022-06-15 11:35:00,973.8145528703535,1264.6162926663283
2022-06-15 11:36:00,974.4679761807142,1265.3262996673461
2022-06-15 11:37:00,975.104846674041,1266.0182714075786
2022-06-15 11:38:00,975.7251487626988,1266.6921947329017
2022-06-15 11:39:00,976.328867268403,1267.3480568327598
2022-06-15 11:40:00,976.9159874223785,1267.9858452404214
2022-06-15 11:41:00,977.4864948655144,1268.6055478332285
2022-06-15 11:42:00,978.0403756484816,1269.2071528328106
2022-06-15 11:43:00,978.5776162318389,1269.7906488052902
2022-06-15 11:44:00,979.0982034861754,1270.356024661507
2022-06-15 11:45:00,979.6021246922975,1270.9032696573872
2022-06-15 11:46:00,980.08936754115,1271.4323733938472
2022-06-15 11:47:00,980.5599201340342,1271.9433258171955
2022-06-15 11:48:00,981.0137709826819,1272.4361172192976
2022-06-15 11:49:00,981.4509090093038,1272.9107382377274
2022-06-15 11:50:00,981.8713235466682,1273.3671798559546
2022-06-15 11:51:00,982.2750043381927,1273.8054334035478
2022-06-15 11:52:00,982.6619415379402,1274.2254905562747
2022-06-15 11:53:00,983.0321257107366,1274.6273433363342
2022-06-15 11:54:00,983.385547832163,1275.010984112451
2022-06-15 11:55:00,983.7221992886022,1275.3764056000168
2022-06-15 11:56:00,984.0420718773278,1275.7236008613602
2022-06-15 11:57:00,984.3451578064302,1276.0525633056625
2022-06-15 11:58:00,984.631449694898,1276.3632866892228
2022-06-15 11:59:00,984.9009405726416,1276.6557651155638
2022-06-15 12:00:00,985.1536238804722,1276.9299930355069
2022-06-15 12:01:00,985.38949347014,1277.1859652473147
2022-06-15 12:02:00,985.6085436043214,1277.4236768967646
2022-06-15 12:03:00,985.8107689566325,1277.643123477257
2022-06-15 12:04:00,985.996164611615,1277.8443008298834
2022-06-15 12:05:00,986.1647260647442,1278.0272051435188
2022-06-15 12:06:00,986.3164492224275,1278.1918329548766
2022-06-15 12:07:00,986.4513304019931,1278.3381811486386
2022-06-15 12:08:00,986.5693663316829,1278.466246957409
2022-06-15 12:09:00,986.6705541506556,1278.5760279618441
2022-06-15 12:10:00,986.7548914089696,1278.6675220906725
2022-06-15 12:11:00,986.82237606758,1278.740727620736
2022-06-15 12:12:00,986.8730064983383,1278.7956431770278
2022-06-15 12:13:00,986.9067814839802,1278.832267732712
2022-06-15 12:14:00,986.923700218124,1278.8506006091447
2022-06-15 12:15:00,986.9237623052693,1278.8506414758901
2022-06-15 12:16:00,986.9069677607911,1278.83239035072
2022-06-15 12:17:00,986.8733170109595,1278.7958475996218
2022-06-15 12:18:00,986.8228108928708,1278.7410139367826
2022-06-15 12:19:00,986.7554506545466,1278.667890424579
2022-06-15 12:20:00,986.6712379548743,1278.5764784735566
2022-06-15 12:21:00,986.5701748636288,1278.466779842409
2022-06-15 12:22:00,986.4522638614674,1278.3387966379312
2022-06-15 12:23:00,986.317507839942,1278.1925313149893
2022-06-15 12:24:00,986.1659101015,1278.027986676468
2022-06-15 12:25:00,985.9974743594976,1277.845165873227
2022-06-15 12:26:00,985.8122047381834,1277.6440724040208
2022-06-15 12:27:00,985.6101057727242,1277.4247101154526
2022-06-15 12:28:00,985.3911824092011,1277.1870832018963
2022-06-15 12:29:00,985.1554400046343,1276.9311962054248
2022-06-15 12:30:00,984.9028843268527,1276.6570540156547
2022-06-15 12:31:00,984.6335215546861,1276.3646618697596
2022-06-15 12:32:00,984.3473582778458,1276.054025352318
2022-06-15 12:33:00,984.0444014969103,1275.7251503951843
2022-06-15 12:34:00,983.724658623357,1275.3780432774286
2022-06-15 12:35:00,983.3881374794955,1275.0127106251603
2022-06-15 12:36:00,983.0348462984946,1274.6291594114562
2022-06-15 12:37:00,982.6647937242974,1274.227396956169
2022-06-15 12:38:00,982.2779888116434,1273.8074309258427
2022-06-15 12:39:00,981.8744410260097,1273.3692693335477
2022-06-15 12:40:00,981.4541602435918,1272.912920538737
2022-06-15 12:41:00,981.0171567510779,1272.438393246968
2022-06-15 12:42:00,980.5634412458978,1271.9456965099628
2022-06-15 12:43:00,980.093024835953,1271.4348397252845
2022-06-15 12:44:00,979.6059190395595,1270.9058326361555
2022-06-15 12:45:00,979.1021357854255,1270.3586853313325
2022-06-15 12:46:00,978.5816874125237,1269.7934082448712
2022-06-15 12:47:00,978.0445866700204,1269.2100121559513
2022-06-15 12:48:00,977.4908467171522,1268.6085081886495
2022-06-15 12:49:00,976.9204811231374,1267.988907811748
2022-06-15 12:50:00,976.3335038670436,1267.3512228385061
2022-06-15 12:51:00,975.7299293377362,1266.6954654264919
2022-06-15 12:52:00,975.1097723334555,1266.0216480771157
2022-06-15 12:53:00,974.473048062109,1265.3297836357522
2022-06-15 12:54:00,973.8197721408094,1264.6198852912357
2022-06-15 12:55:00,973.1499605958327,1263.8919665757137
2022-06-15 12:56:00,972.4636298624158,1263.14604136436
2022-06-15 12:57:00,971.7607967845677,1262.3821238750909
2022-06-15 12:58:00,971.0414786149034,1261.600228668322
2022-06-15 12:59:00,970.3056930144694,1260.80037064671
2022-06-15 13:00:00,969.5534580524627,1259.9825650547882
2022-06-15 13:01:00,968.7847922061185,1259.146827478785
2022-06-15 13:02:00,967.999714360511,1258.2931738463308
2022-06-15 13:03:00,967.1982438079744,1257.4216204258498
2022-06-15 13:04:00,966.3804002484039,1256.5321838267341
2022-06-15 13:05:00,965.5462037886666,1255.6248809987248
2022-06-15 13:06:00,964.6956749423914,1254.6997292316275
2022-06-15 13:07:00,963.8288346297693,1253.7567461550534
2022-06-15 13:08:00,962.9457041771929,1252.7959497379982
2022-06-15 13:09:00,962.0463053169849,1251.8173582885088
2022-06-15 13:10:00,961.1306601872126,1250.8209904534651
2022-06-15 13:11:00,960.1987913312134,1249.8068652180336
2022-06-15 13:12:00,959.2507216973863,1248.7750019054272
2022-06-15 13:13:00,958.286474638833,1247.7254201764995
2022-06-15 13:14:00,957.3060739131815,1246.658140029529
2022-06-15 13:15:00,956.3095436816867,1245.5731817993037
2022-06-15 13:16:00,955.2969085096288,1244.4705661574556
2022-06-15 13:17:00,954.2681933654899,1243.3503141116366
2022-06-15 13:18:00,953.2234236206455,1242.2124470051822
2022-06-15 13:19:00,952.162625049008,1241.0569865167377
2022-06-15 13:20:00,951.085823826636,1239.883954659859
2022-06-15 13:21:00,949.9930465313046,1238.6933737825761
2022-06-15 13:22:00,948.8843201420254,1237.4852665669064
2022-06-15 13:23:00,947.7596720387364,1236.2596560285604
2022-06-15 13:24:00,946.6191300017296,1235.0165655163707
2022-06-15 13:25:00,945.4627222113525,1233.7560187120107
2022-06-15 13:26:00,944.29047724706,1232.4780396290932
2022-06-15 13:27:00,943.1024240876645,1231.182652613417
2022-06-15 13:28:00,941.8985921103075,1229.8698823419984
2022-06-15 13:29:00,940.6790110901006,1228.5397538227571
2022-06-15 13:30:00,939.4437111995569,1227.192292393995
2022-06-15 13:31:00,938.1927230081171,1225.827523723997
2022-06-15 13:32:00,936.9260774814802,1224.4454738104173
2022-06-15 13:33:00,935.6438059811201,1223.0461689798924
2022-06-15 13:34:00,934.3459402636261,1221.6296358874595
2022-06-15 13:35:00,933.032512480188,1220.1959015161553
2022-06-15 13:36:00,931.7035551760118,1218.74499317653
2022-06-15 13:37:00,930.3591012891407,1217.2769385056051
2022-06-15 13:38:00,928.9991841506799,1215.7917654672165
2022-06-15 13:39:00,927.623837483497,1214.289502350868
2022-06-15 13:40:00,926.2330954017309,1212.7701777714046
2022-06-15 13:41:00,924.8269924100027,1211.2338206683828
2022-06-15 13:42:00,923.4055634027723,1209.6804603056241
2022-06-15 13:43:00,921.9688436634412,1208.1101262705047
2022-06-15 13:44:00,920.5168688637525,1206.522848473582
2022-06-15 13:45:00,919.0496750628046,1204.9186571478222
2022-06-15 13:46:00,917.5672987063913,1203.297582848202
2022-06-15 13:47:00,916.0697766262574,1201.6596564512129
2022-06-15 13:48:00,914.5571460385368,1200.0049091535843
2022-06-15 13:49:00,913.0294445438658,1198.3333724726845
2022-06-15 13:50:00,911.4867101259407,1196.6450782454083
2022-06-15 13:51:00,909.9289811505038,1194.9400586274749
2022-06-15 13:52:00,908.356296364591,1193.2183460930487
2022-06-15 13:53:00,906.7686948953592,1191.479973433922
2022-06-15 13:54:00,905.1662162492869,1189.724973759132
2022-06-15 13:55:00,903.5489003109094,1187.95338049409
2022-06-15 13:56:00,901.9167873418851,1186.1652273801017
2022-06-15 13:57:00,900.2699179798159,1184.3605484736433
2022-06-15 13:58:00,898.6083332371288,1182.5393781457278
2022-06-15 13:59:00,896.9320745001764,1180.7017510815292
2022-06-15 14:00:00,895.2411835270798,1178.8477022787365
2022-06-15 14:01:00,893.5357024478988,1176.9772670483178
2022-06-15 14:02:00,891.8156737624172,1175.0904810128754
2022-06-15 14:03:00,890.081140339111,1173.1873801062409
2022-06-15 14:04:00,888.3321454137927,1171.2680005727623
2022-06-15 14:05:00,886.5687325882761,1169.3323789666517
2022-06-15 14:06:00,884.7909458289502,1167.3805521512634
2022-06-15 14:07:00,882.9988294653056,1165.4125572983583
2022-06-15 14:08:00,881.1924281885179,1163.4284318874625
2022-06-15 14:09:00,879.3717870498906,1161.4282137051132
2022-06-15 14:10:00,877.5369514595164,1159.4119408443635
2022-06-15 14:11:00,875.687967183809,1157.3796517031667
2022-06-15 14:12:00,873.8248803451734,1155.3313849849915
2022-06-15 14:13:00,871.9477374194646,1153.2671796972022
2022-06-15 14:14:00,870.0565852344648,1151.187075150526
2022-06-15 14:15:00,868.151470968074,1149.0911109582626
2022-06-15 14:16:00,866.2324421465539,1146.979327035594
2022-06-15 14:17:00,864.2995466426812,1144.8517635988433
2022-06-15 14:18:00,862.3528326737005,1142.7084611645523
2022-06-15 14:19:00,860.3923487995551,1140.5494605489184
2022-06-15 14:20:00,858.418143920813,1138.3748028669395
2022-06-15 14:21:00,856.4302672767384,1136.1845295317503
2022-06-15 14:22:00,854.4287684424378,1133.9786822530727
2022-06-15 14:23:00,852.4136973279367,1131.7573030376798
2022-06-15 14:24:00,850.3851041752155,1129.5204341878195
2022-06-15 14:25:00,848.3430395559731,1127.2681183004183
2022-06-15 14:26:00,846.2875543695313,1125.0003982665028
2022-06-15 14:27:00,844.2186998403552,1122.717317270251
2022-06-15 14:28:00,842.1365275157046,1120.4189187882432
2022-06-15 14:29:00,840.0410892630032,1118.105246588454
2022-06-15 14:30:00,837.9324372676334,1115.7763447297673
2022-06-15 14:31:00,835.8106240299416,1113.4322575606773
2022-06-15 14:32:00,833.6757023632565,1111.0730297191403
2022-06-15 14:33:00,831.5277253899621,1108.6987061304205
2022-06-15 14:34:00,829.3667465403073,1106.3093320078474
2022-06-15 14:35:00,827.1928195486821,1103.9049528509925
2022-06-15 14:36:00,825.0059984509435,1101.4856144449777
2022-06-15 14:37:00,822.8063375815066,1099.0513628595952
2022-06-15 14:38:00,820.5938915704792,1096.602244448529
2022-06-15 14:39:00,818.3687153405699,1094.1383058483818
2022-06-15 14:40:00,816.1308641039943,1091.6595939777408
2022-06-15 14:41:00,813.8803933595899,1089.1661560365394
2022-06-15 14:42:00,811.6173588892726,1086.6580395047317
2022-06-15 14:43:00,809.3418167552704,1084.1352921418736
2022-06-15 14:44:00,807.0538232967775,1081.5979619860966
2022-06-15 14:45:00,804.7534351257208,1079.0460973522202
2022-06-15 14:46:00,802.4407091251519,1076.4797468326562
2022-06-15 14:47:00,800.1157024445197,1073.898959295053
2022-06-15 14:48:00,797.7784724967936,1071.303783881949
2022-06-15 14:49:00,795.4290769548495,1068.6942700096572
2022-06-15 14:50:00,793.0675737479827,1066.070467367318
2022-06-15 14:51:00,790.694021058506,1063.432425916076
2022-06-15 14:52:00,788.308477318205,1060.7801958881098
2022-06-15 14:53:00,785.9110012045801,1058.113827785451
2022-06-15 14:54:00,783.5016516375792,1055.433372379352
2022-06-15 14:55:00,781.0804877761766,1052.738880709474
2022-06-15 14:56:00,778.647569013516,1050.03040408155
2022-06-15 14:57:00,776.2029549752287,1047.3079940684204
2022-06-15 14:58:00,773.7467055148084,1044.5717025079296
2022-06-15 14:59:00,771.2788807100322,1041.8215815018834
2022-06-15 15:00:00,768.7995408598151,1039.05768341547
2022-06-15 15:01:00,766.308746480385,1036.2800608758853
2022-06-15 15:02:00,763.8065583022236,1033.4887667717508
2022-06-15 15:03:00,761.2930372661638,1030.6838542515327
2022-06-15 15:04:00,758.7682445206199,1027.865376723142
2022-06-15 15:05:00,756.2322414180228,1025.0333878525637
2022-06-15 15:06:00,753.685089511976,1022.1879415631689
2022-06-15 15:07:00,751.1268505531712,1019.3290920336011
2022-06-15 15:08:00,748.5575864879223,1016.4568936983021
2022-06-15 15:09:00,745.9773594545304,1013.571401245622
2022-06-15 15:10:00,743.3862317807375,1010.672669616899
2022-06-15 15:11:00,740.7842659810856,1007.7607540052655
2022-06-15 15:12:00,738.1715247548286,1004.8357098548745
2022-06-15 15:13:00,735.5480709837052,1001.8975928597391
2022-06-15 15:14:00,732.9139677299197,998.9464589625699
2022-06-15 15:15:00,730.2692782344891,995.9823643537458
2022-06-15 15:16:00,727.6140659158951,993.0053654703469
2022-06-15 15:17:00,724.9483943692502,990.0155189954262
2022-06-15 15:18:00,722.2723273639515,987.0128818553295
2022-06-15 15:19:00,719.5859288453507,983.9975112209967
2022-06-15 15:20:00,716.8892629331081,980.9694645053081
2022-06-15 15:21:00,714.1823939215888,977.9287993622237
2022-06-15 15:22:00,711.4653862806615,974.8755736859439
2022-06-15 15:23:00,708.7383046566567,971.8098456097678
2022-06-15 15:24:00,706.0012138735525,968.7316735047048
2022-06-15 15:25:00,703.2541789351571,965.6411159786626
2022-06-15 15:26:00,700.4972650274844,962.538231875294
2022-06-15 15:27:00,697.7305375215188,959.4230802726702
2022-06-15 15:28:00,694.9540619769659,956.2957204824447
2022-06-15 15:29:00,692.167904146495,953.1562120488904
2022-06-15 15:30:00,689.3721299790834,950.0046147463111
2022-06-15 15:31:00,686.5668056274416,946.840988580186
2022-06-15 15:32:00,683.7519974526022,943.665393784517
2022-06-15 15:33:00,680.9277720309352,940.4778908210684
2022-06-15 15:34:00,678.0941961614801,937.2785403781811
2022-06-15 15:35:00,675.2513368739463,934.0674033695243
2022-06-15 15:36:00,672.3992614378401,930.8445409332811
2022-06-15 15:37:00,669.5380373716926,927.6100144305983
2022-06-15 15:38:00,666.6677324535447,924.3638854445907
2022-06-15 15:39:00,663.7884147319465,921.1062157790586
2022-06-15 15:40:00,660.9001525384291,917.8370674579854
2022-06-15 15:41:00,658.0030144984023,914.5565027224568
2022-06-15 15:42:00,655.097069546757,911.2645840319041
2022-06-15 15:43:00,652.1823869407665,907.9613740615995
2022-06-15 15:44:00,649.2590362749493,904.6469357014864
2022-06-15 15:45:00,646.3270874968317,901.3213320552684
2022-06-15 15:46:00,643.3866109228977,897.9846264389811
2022-06-15 15:47:00,640.437677255514,894.6368823799921
2022-06-15 15:48:00,637.4803576001825,891.2781636157645
2022-06-15 15:49:00,634.514723483053,887.9085340923823
2022-06-15 15:50:00,631.540846869317,884.5280579636355
2022-06-15 15:51:00,628.5588001820549,881.1367995902652
2022-06-15 15:52:00,625.5686563189329,877.7348235366082
2022-06-15 15:53:00,622.5704886735768,874.3221945723227
2022-06-15 15:54:00,619.5643711525906,870.8989776693393
2022-06-15 15:55:00,616.5503781945272,867.4652380011579
2022-06-15 15:56:00,613.5285847877408,864.0210409412371
2022-06-15 15:57:00,610.4990664885382,860.5664520622526
2022-06-15 15:58:00,607.4618994378651,857.1015371343917
2022-06-15 15:59:00,604.4171603779087,853.6263621244431
2022-06-15 16:00:00,601.3649266672885,850.1409931943584
2022-06-15 16:01:00,598.3052762953126,846.6454967000151
2022-06-15 16:02:00,595.2382878953881,843.139939190458
2022-06-15 16:03:00,592.164040754916,839.6243874048196
2022-06-15 16:04:00,589.0826148275827,836.0989082736404
2022-06-15 16:05:00,585.9940907401152,832.5635689159386
2022-06-15 16:06:00,582.8985497992314,829.0184366384965
2022-06-15 16:07:00,579.7960739956809,825.4635789339866
2022-06-15 16:08:00,576.6867460076251,821.8990634805538
2022-06-15 16:09:00,573.5706492007369,818.3249581398683
2022-06-15 16:10:00,570.4478676270803,814.741330955979
2022-06-15 16:11:00,567.3184860221943,811.148250154225
2022-06-15 16:12:00,564.1825898001263,807.5457841397769
2022-06-15 16:13:00,561.0402650470096,803.9340014963011
2022-06-15 16:14:00,557.891598513819,800.3129709852161
2022-06-15 16:15:00,554.7366776058547,796.6827615425087
2022-06-15 16:16:00,551.5755903754172,793.0434422800002
2022-06-15 16:17:00,548.4084255103985,789.3950824825877
2022-06-15 16:18:00,545.2352723241551,785.7377516070266
2022-06-15 16:19:00,542.0562207456751,782.0715192807904
2022-06-15 16:20:00,538.8713613100616,778.3964553006127
2022-06-15 16:21:00,535.6807851502415,774.7126296313849
2022-06-15 16:22:00,532.4845839893635,771.0201124044509
2022-06-15 16:23:00,529.2828501353267,767.3189739166972
2022-06-15 16:24:00,526.0756764762551,763.609284628861
2022-06-15 16:25:00,522.8631564787019,759.8911151650108
2022-06-15 16:26:00,519.6453841847879,756.1645363088446
2022-06-15 16:27:00,516.4224542160925,752.4296190057398
2022-06-15 16:28:00,513.1944617739327,748.6864343589453
2022-06-15 16:29:00,509.9615026440209,744.9350536291761
2022-06-15 16:30:00,506.7236732012166,741.1755482329521
2022-06-15 16:31:00,503.48107041562776,737.4079897413659
2022-06-15 16:32:00,500.23379185933095,733.632449878669
2022-06-15 16:33:00,496.98193571384707,729.8490005210322
2022-06-15 16:34:00,493.72560077767446,726.0577136948245
2022-06-15 16:35:00,490.4648864750469,722.2586615758955
2022-06-15 16:36:00,487.19989286424635,718.4519164879648
2022-06-15 16:37:00,483.9307206450088,714.6375508997064
2022-06-15 16:38:00,480.6574711700123,710.815637426164
2022-06-15 16:39:00,477.380246452547,706.9862488255552
2022-06-15 16:40:00,474.0991491764134,703.1494579983042
2022-06-15 16:41:00,470.81428270548355,699.3053379853986
2022-06-15 16:42:00,467.52575109407695,695.4539619673798
2022-06-15 16:43:00,464.2336590972535,691.5954032629207
2022-06-15 16:44:00,460.9381121811789,687.7297353271573
2022-06-15 16:45:00,457.63921653411495,683.8570317504123
2022-06-15 16:46:00,454.3370790777068,679.9773662569204
2022-06-15 16:47:00,451.03180747871664,676.090812703708
2022-06-15 16:48:00,447.7235101592832,672.1974450774323
2022-06-15 16:49:00,444.412296311408,668.297337495688
2022-06-15 16:50:00,441.09827590795214,664.3905642039477
2022-06-15 16:51:00,437.7815597155794,660.4771995743272
2022-06-15 16:52:00,434.4527185060336,656.5573181042686
2022-06-15 16:53:00,431.1159600837813,652.6309944152773
2022-06-15 16:54:00,427.77672940389107,648.6983032512438
2022-06-15 16:55:00,424.4351395566845,644.7593194772272
2022-06-15 16:56:00,421.0913044818498,640.8141180779251
2022-06-15 16:57:00,417.74533898317645,636.8627741562499
2022-06-15 16:58:00,414.39735874368125,632.9053629318906
2022-06-15 16:59:00,411.0474803418158,628.9419597406521
2022-06-15 17:00:00,407.69582126517616,624.9726400303886
2022-06-15 17:01:00,404.3424999301031,620.9974793632714
2022-06-15 17:02:00,400.9876356964149,617.0165534118797
2022-06-15 17:03:00,397.63134888543607,613.0299379585821
2022-06-15 17:04:00,394.2737607974784,609.0377088937149
2022-06-15 17:05:00,390.91499373044996,605.0399422145126
2022-06-15 17:06:00,387.5551709984263,601.0367140233968
2022-06-15 17:07:00,384.1944169511444,597.0281005267378
2022-06-15 17:08:00,380.83285699367235,593.0141780331899
2022-06-15 17:09:00,377.4706176070356,588.9950229525084
2022-06-15 17:10:00,374.1078263693282,584.9707117942601
2022-06-15 17:11:00,370.744611975687,580.9413211645253
2022-06-15 17:12:00,367.381104263094,576.9069277675476
2022-06-15 17:13:00,364.01743423147605,572.8676084023265
2022-06-15 17:14:00,360.653734067214,568.8234399612704
2022-06-15 17:15:00,357.2901371673964,564.7744994289689
2022-06-15 17:16:00,353.9267781646669,560.7208638808665
2022-06-15 17:17:00,350.5637929524637,556.6626104815743
2022-06-15 17:18:00,347.2013187113231,552.599816483595
2022-06-15 17:19:00,343.8394939354863,548.5325592255282
2022-06-15 17:20:00,340.4784584609558,544.4609161311054
2022-06-15 17:21:00,337.1183534938915,540.3849647076839
2022-06-15 17:22:00,333.75932163843254,536.3047825431148
2022-06-15 17:23:00,330.40150692908037,532.2204473070282
2022-06-15 17:24:00,327.04505486025,528.132036747759
2022-06-15 17:25:00,323.6901124179657,524.0396286907434
2022-06-15 17:26:00,320.3368281131987,519.9433010378244
2022-06-15 17:27:00,316.985352014672,515.8431317647626
2022-06-15 17:28:00,313.6358357844068,511.73919892092147
2022-06-15 17:29:00,310.2884327125291,507.6315806268313
2022-06-15 17:30:00,306.94329775420977,503.52035507310836
2022-06-15 17:31:00,303.60058756739056,499.40560051904816
2022-06-15 17:32:00,300.2604605516754,495.28739529130064
2022-06-15 17:33:00,296.9230768867741,491.1658177806643
2022-06-15 17:34:00,293.58859857584866,487.04094644339324
2022-06-15 17:35:00,290.25718948641395,482.912859798128
2022-06-15 17:36:00,286.92901539374674,478.7816364243487
2022-06-15 17:37:00,283.6042440258786,474.64735496123154
2022-06-15 17:38:00,280.283045109363,470.5100941058486
2022-06-15 17:39:00,276.96559041698725,466.3699326121104
2022-06-15 17:40:00,273.65205381614453,462.22694928880435
2022-06-15 17:41:00,270.34261131937365,458.0812229985523
2022-06-15 17:42:00,267.03744113559645,453.9328326557959
2022-06-15 17:43:00,263.73672372372073,449.78185722584
2022-06-15 17:44:00,260.44064184747185,445.6283757234653
2022-06-15 17:45:00,257.14938062997237,441.4724672092299
2022-06-15 17:46:00,253.86312761484362,437.3142107917952
2022-06-15 17:47:00,250.58207282368141,433.1536856236143
2022-06-15 17:48:00,247.30640881814634,428.99097090015516
2022-06-15 17:49:00,244.0363307633736,424.826145858494
2022-06-15 17:50:00,240.7720364932698,420.65928977591864
2022-06-15 17:51:00,237.5137265773469,416.4904819680155
2022-06-15 17:52:00,234.26160439020882,412.31980178758994
2022-06-15 17:53:00,231.01587618248388,408.1473286228006
2022-06-15 17:54:00,227.77675115437768,403.97314189592726
2022-06-15 17:55:00,224.54444153159523,399.7973210623691
2022-06-15 17:56:00,221.31916264114165,395.6199456066115
2022-06-15 17:57:00,218.1011329943192,391.4410950443995
2022-06-15 17:58:00,214.89057436747356,387.26084891900376
2022-06-15 17:59:00,211.6877118871695,383.07928679997434
2022-06-15 18:00:00,208.49277411790393,378.8964882819036
2022-06-15 18:01:00,205.3059931519806,374.7125329826011
2022-06-15 18:02:00,202.1276047026571,370.52750054202573
2022-06-15 18:03:00,198.95784819944106,366.34147062040915
2022-06-15 18:04:00,195.79696688655736,362.15452289679615
2022-06-15 18:05:00,192.64520792440203,357.9667370676605
2022-06-15 18:06:00,189.50282249433428,353.77819284594653
2022-06-15 18:07:00,186.370065904174,349.58896995695943
2022-06-15 18:08:00,183.2471977017807,345.3991481406983
2022-06-15 18:09:00,180.1344817871169,341.2088071479003
2022-06-15 18:10:00,177.03218652987803,337.01802673897726
2022-06-15 18:11:00,173.94058489034654,332.8268866826709
2022-06-15 18:12:00,170.8599545434266,328.6354667542274
2022-06-15 18:13:00,167.79057800691837,324.4438467344091
2022-06-15 18:14:00,164.73274277276093,320.25210640749634
2022-06-15 18:15:00,161.68674144262013,316.06032556003146
2022-06-15 18:16:00,158.652871866938,311.8685839789806
2022-06-15 18:17:00,155.6314372891265,307.6769614515106
2022-06-15 18:18:00,152.62274649028603,303.4855377599119
2022-06-15 18:19:00,149.62711394431102,299.29439268511885
2022-06-15 18:20:00,146.6448599708164,295.10360600144253
2022-06-15 18:21:00,143.67631089623805,290.91325747667275
2022-06-15 18:22:00,140.72179921763313,286.7234268698915
2022-06-15 18:23:00,137.78166377162046,282.534193930317
2022-06-15 18:24:00,134.8562499073996,278.3456383956174
2022-06-15 18:25:00,131.94590966448084,274.15783999053303
2022-06-15 18:26:00,129.05100195470789,269.97087842516584
2022-06-15 18:27:00,126.17189274902853,265.7848333935743
2022-06-15 18:28:00,123.30895526888725,261.5997845724995
2022-06-15 18:29:00,120.46257018198024,257.41581161987494
2022-06-15 18:30:00,117.6331258011497,253.23299417140845
2022-06-15 18:31:00,114.82101829126047,249.0514118423819
2022-06-15 18:32:00,112.02665187663551,244.8711442240474
2022-06-15 18:33:00,109.25043905423297,240.6922708823236
2022-06-15 18:34:00,106.49280081087284,236.5148713566449
2022-06-15 18:35:00,103.75416684369918,232.33902515807526
2022-06-15 18:36:00,101.03497578465578,228.164811768308
2022-06-15 18:37:00,98.3356754272202,223.99231063742832
2022-06-15 18:38:00,95.65672295674142,219.82160118317316
2022-06-15 18:39:00,92.9985851820094,215.65276278886856
2022-06-15 18:40:00,90.36193148727835,211.48587480283055
2022-06-15 18:41:00,87.74779363425061,207.32101653415197
2022-06-15 18:42:00,85.15589442796156,203.1582672551057
2022-06-15 18:43:00,82.58674094546664,198.99770619727107
2022-06-15 18:44:00,80.0408510496508,194.83941255018686
2022-06-15 18:45:00,77.51875361608913,190.68346546028485
2022-06-15 18:46:00,75.02098875367781,186.5299440290552
2022-06-15 18:47:00,72.54810801785241,182.3789273118742
2022-06-15 18:48:00,70.10067461323825,178.23049431627123
2022-06-15 18:49:00,67.67926358343678,174.0847240004888
2022-06-15 18:50:00,65.28446198446727,169.94169527200347
2022-06-15 18:51:00,62.916869038403554,165.80148698660932
2022-06-15 18:52:00,60.57709626065777,161.66417794432766
2022-06-15 18:53:00,58.26576756144891,157.5298468919191
2022-06-15 18:54:00,55.98351930791347,153.39857251859854
2022-06-15 18:55:00,53.73100034624355,149.270433455429
2022-06-15 18:56:00,51.508871973524485,145.14550827352124
2022-06-15 18:57:00,49.31780785181056,141.02387548278722
2022-06-15 18:58:00,47.15849385459512,136.90561353035898
2022-06-15 18:59:00,45.031627835789635,132.79080079921323
2022-06-15 19:00:00,42.937919310037714,128.67951560631494
2022-06-15 19:01:00,40.878089033951916,124.5718362015758
2022-06-15 19:02:00,38.852868477107414,120.46784076680997
2022-06-15 19:03:00,36.862999171922674,116.36760741152652
2022-06-15 19:04:00,34.909231941035976,112.27121417559904
2022-06-15 19:05:00,32.99232599436502,108.1787390248645
2022-06-15 19:06:00,31.11304790961205,104.09025985077562
2022-06-15 19:07:00,29.272170516378594,100.00585446848409
2022-06-15 19:08:00,27.47047173059115,95.92560061527912
2022-06-15 19:09:00,25.708733419900405,91.84957594959512
2022-06-15 19:10:00,23.98774043244083,87.77785804926667
2022-06-15 19:11:00,22.308280000362345,83.71052440990961
2022-06-15 19:12:00,20.671141844642236,79.64765244364582
2022-06-15 19:13:00,19.077119477305317,75.58931947751009
2022-06-15 19:14:00,17.527013447599185,71.53560275286031
2022-06-15 19:15:00,16.021637642341435,67.48657942088222
2022-06-15 19:16:00,14.561830293637232,63.44232654549885
2022-06-15 19:17:00,13.148472125021915,59.40292109902662
2022-06-15 19:18:00,11.782515235287844,55.368439961331916
2022-06-15 19:19:00,10.465028021659187,51.3389599185091
2022-06-15 19:20:00,9.197263973434026,47.314557661409275
2022-06-15 19:21:00,7.980765924633843,43.29530978408518
2022-06-15 19:22:00,6.817522969992882,39.281292782247554
2022-06-15 19:23:00,5.710205696035906,35.272583052262476
2022-06-15 19:24:00,4.705738573549193,31.269256889006844
2022-06-15 19:25:00,3.775441394428799,27.271390485792562
2022-06-15 19:26:00,2.905225974752482,23.279059929702964
2022-06-15 19:27:00,2.1076058394602137,19.29234120435439
2022-06-15 19:28:00,1.4492954433926917,15.311310185975502
2022-06-15 19:29:00,0.9664751719258928,11.336042642258349
2022-06-15 19:30:00,0.6245367211914139,7.366614231097974
2022-06-15 19:31:00,0.5238065705806603,3.403100499281156
2022-06-15 19:32:00,0.0,0.0
2022-06-15 19:33:00,0.0,0.0
2022-06-15 19:34:00,0.0,0.0
2022-06-15 19:35:00,0.0,0.0
2022-06-15 19:36:00,0.0,0.0
2022-06-15 19:37:00,0.0,0.0
2022-06-15 19:38:00,0.0,0.0
2022-06-15 19:39:00,0.0,0.0
2022-06-15 19:40:00,0.0,0.0
2022-06-15 19:41:00,0.0,0.0
2022-06-15 19:42:00,0.0,0.0
2022-06-15 19:43:00,0.0,0.0
2022-06-15 19:44:00,0.0,0.0
2022-06-15 19:45:00,0.0,0.0
2022-06-15 19:46:00,0.0,0.0
2022-06-15 19:47:00,0.0,0.0
2022-06-15 19:48:00,0.0,0.0
2022-06-15 19:49:00,0.0,0.0
2022-06-15 19:50:00,0.0,0.0
2022-06-15 19:51:00,0.0,0.0
2022-06-15 19:52:00,0.0,0.0
2022-06-15 19:53:00,0.0,0.0
2022-06-15 19:54:00,0.0,0.0
2022-06-15 19:55:00,0.0,0.0
2022-06-15 19:56:00,0.0,0.0
2022-06-15 19:57:00,0.0,0.0
2022-06-15 19:58:00,0.0,0.0
2022-06-15 19:59:00,0.0,0.0
2022-06-15 20:00:00,0.0,0.0
2022-06-15 20:01:00,0.0,0.0
2022-06-15 20:02:00,0.0,0.0
2022-06-15 20:03:00,0.0,0.0
2022-06-15 20:04:00,0.0,0.0
2022-06-15 20:05:00,0.0,0.0
2022-06-15 20:06:00,0.0,0.0
2022-06-15 20:07:00,0.0,0.0
2022-06-15 20:08:00,0.0,0.0
2022-06-15 20:09:00,0.0,0.0
2022-06-15 20:10:00,0.0,0.0
2022-06-15 20:11:00,0.0,0.0
2022-06-15 20:12:00,0.0,0.0
2022-06-15 20:13:00,0.0,0.0
2022-06-15 20:14:00,0.0,0.0
2022-06-15 20:15:00,0.0,0.0
2022-06-15 20:16:00,0.0,0.0
2022-06-15 20:17:00,0.0,0.0
2022-06-15 20:18:00,0.0,0.0
2022-06-15 20:19:00,0.0,0.0
2022-06-15 20:20:00,0.0,0.0
2022-06-15 20:21:00,0.0,0.0
2022-06-15 20:22:00,0.0,0.0
2022-06-15 20:23:00,0.0,0.0
2022-06-15 20:24:00,0.0,0.0
2022-06-15 20:25:00,0.0,0.0
2022-06-15 20:26:00,0.0,0.0
2022-06-15 20:27:00,0.0,0.0
2022-06-15 20:28:00,0.0,0.0
2022-06-15 20:29:00,0.0,0.0
2022-06-15 20:30:00,0.0,0.0
2022-06-15 20:31:00,0.0,0.0
2022-06-15 20:32:00,0.0,0.0
2022-06-15 20:33:00,0.0,0.0
2022-06-15 20:34:00,0.0,0.0
2022-06-15 20:35:00,0.0,0.0
2022-06-15 20:36:00,0.0,0.0
2022-06-15 20:37:00,0.0,0.0
2022-06-15 20:38:00,0.0,0.0
2022-06-15 20:39:00,0.0,0.0
2022-06-15 20:40:00,0.0,0.0
2022-06-15 20:41:00,0.0,0.0
2022-06-15 20:42:00,0.0,0.0
2022-06-15 20:43:00,0.0,0.0
2022-06-15 20:44:00,0.0,0.0
2022-06-15 20:45:00,0.0,0.0
2022-06-15 20:46:00,0.0,0.0
2022-06-15 20:47:00,0.0,0.0
2022-06-15 20:48:00,0.0,0.0
2022-06-15 20:49:00,0.0,0.0
2022-06-15 20:50:00,0.0,0.0
2022-06-15 20:51:00,0.0,0.0
2022-06-15 20:52:00,0.0,0.0
2022-06-15 20:53:00,0.0,0.0
2022-06-15 20:54:00,0.0,0.0
2022-06-15 20:55:00,0.0,0.0
2022-06-15 20:56:00,0.0,0.0
2022-06-15 20:57:00,0.0,0.0
2022-06-15 20:58:00,0.0,0.0
2022-06-15 20:59:00,0.0,0.0
2022-06-15 21:00:00,0.0,0.0
2022-06-15 21:01:00,0.0,0.0
2022-06-15 21:02:00,0.0,0.0
2022-06-15 21:03:00,0.0,0.0
2022-06-15 21:04:00,0.0,0.0
2022-06-15 21:05:00,0.0,0.0
2022-06-15 21:06:00,0.0,0.0
2022-06-15 21:07:00,0.0,0.0
2022-06-15 21:08:00,0.0,0.0
2022-06-15 21:09:00,0.0,0.0
2022-06-15 21:10:00,0.0,0.0
2022-06-15 21:11:00,0.0,0.0
2022-06-15 21:12:00,0.0,0.0
2022-06-15 21:13:00,0.0,0.0
2022-06-15 21:14:00,0.0,0.0
2022-06-15 21:15:00,0.0,0.0
2022-06-15 21:16:00,0.0,0.0
2022-06-15 21:17:00,0.0,0.0
2022-06-15 21:18:00,0.0,0.0
2022-06-15 21:19:00,0.0,0.0
2022-06-15 21:20:00,0.0,0.0
2022-06-15 21:21:00,0.0,0.0
2022-06-15 21:22:00,0.0,0.0
2022-06-15 21:23:00,0.0,0.0
2022-06-15 21:24:00,0.0,0.0
2022-06-15 21:25:00,0.0,0.0
2022-06-15 21:26:00,0.0,0.0
2022-06-15 21:27:00,0.0,0.0
2022-06-15 21:28:00,0.0,0.0
2022-06-15 21:29:00,0.0,0.0
2022-06-15 21:30:00,0.0,0.0
2022-06-15 21:31:00,0.0,0.0
2022-06-15 21:32:00,0.0,0.0
2022-06-15 21:33:00,0.0,0.0
2022-06-15 21:34:00,0.0,0.0
2022-06-15 21:35:00,0.0,0.0
2022-06-15 21:36:00,0.0,0.0
2022-06-15 21:37:00,0.0,0.0
2022-06-15 21:38:00,0.0,0.0
2022-06-15 21:39:00,0.0,0.0
2022-06-15 21:40:00,0.0,0.0
2022-06-15 21:41:00,0.0,0.0
2022-06-15 21:42:00,0.0,0.0
2022-06-15 21:43:00,0.0,0.0
2022-06-15 21:44:00,0.0,0.0
2022-06-15 21:45:00,0.0,0.0
2022-06-15 21:46:00,0.0,0.0
2022-06-15 21:47:00,0.0,0.0
2022-06-15 21:48:00,0.0,0.0
2022-06-15 21:49:00,0.0,0.0
2022-06-15 21:50:00,0.0,0.0
2022-06-15 21:51:00,0.0,0.0
2022-06-15 21:52:00,0.0,0.0
2022-06-15 21:53:00,0.0,0.0
2022-06-15 21:54:00,0.0,0.0
2022-06-15 21:55:00,0.0,0.0
2022-06-15 21:56:00,0.0,0.0
2022-06-15 21:57:00,0.0,0.0
2022-06-15 21:58:00,0.0,0.0
2022-06-15 21:59:00,0.0,0.0
2022-06-15 22:00:00,0.0,0.0
2022-06-15 22:01:00,0.0,0.0
2022-06-15 22:02:00,0.0,0.0
2022-06-15 22:03:00,0.0,0.0
2022-06-15 22:04:00,0.0,0.0
2022-06-15 22:05:00,0.0,0.0
2022-06-15 22:06:00,0.0,0.0
2022-06-15 22:07:00,0.0,0.0
2022-06-15 22:08:00,0.0,0.0
2022-06-15 22:09:00,0.0,0.0
2022-06-15 22:10:00,0.0,0.0
2022-06-15 22:11:00,0.0,0.0
2022-06-15 22:12:00,0.0,0.0
2022-06-15 22:13:00,0.0,0.0
2022-06-15 22:14:00,0.0,0.0
2022-06-15 22:15:00,0.0,0.0
2022-06-15 22:16:00,0.0,0.0
2022-06-15 22:17:00,0.0,0.0
2022-06-15 22:18:00,0.0,0.0
2022-06-15 22:19:00,0.0,0.0
2022-06-15 22:20:00,0.0,0.0
2022-06-15 22:21:00,0.0,0.0
2022-06-15 22:22:00,0.0,0.0
2022-06-15 22:23:00,0.0,0.0
2022-06-15 22:24:00,0.0,0.0
2022-06-15 22:25:00,0.0,0.0
2022-06-15 22:26:00,0.0,0.0
2022-06-15 22:27:00,0.0,0.0
2022-06-15 22:28:00,0.0,0.0
2022-06-15 22:29:00,0.0,0.0
2022-06-15 22:30:00,0.0,0.0
2022-06-15 22:31:00,0.0,0.0
2022-06-15 22:32:00,0.0,0.0
2022-06-15 22:33:00,0.0,0.0
2022-06-15 22:34:00,0.0,0.0
2022-06-15 22:35:00,0.0,0.0
2022-06-15 22:36:00,0.0,0.0
2022-06-15 22:37:00,0.0,0.0
2022-06-15 22:38:00,0.0,0.0
2022-06-15 22:39:00,0.0,0.0
2022-06-15 22:40:00,0.0,0.0
2022-06-15 22:41:00,0.0,0.0
2022-06-15 22:42:00,0.0,0.0
2022-06-15 22:43:00,0.0,0.0
2022-06-15 22:44:00,0.0,0.0
2022-06-15 22:45:00,0.0,0.0
2022-06-15 22:46:00,0.0,0.0
2022-06-15 22:47:00,0.0,0.0
2022-06-15 22:48:00,0.0,0.0
2022-06-15 22:49:00,0.0,0.0
2022-06-15 22:50:00,0.0,0.0
2022-06-15 22:51:00,0.0,0.0
2022-06-15 22:52:00,0.0,0.0
2022-06-15 22:53:00,0.0,0.0
2022-06-15 22:54:00,0.0,0.0
2022-06-15 22:55:00,0.0,0.0
2022-06-15 22:56:00,0.0,0.0
2022-06-15 22:57:00,0.0,0.0
2022-06-15 22:58:00,0.0,0.0
2022-06-15 22:59:00,0.0,0.0
2022-06-15 23:00:00,0.0,0.0
2022-06-15 23:01:00,0.0,0.0
2022-06-15 23:02:00,0.0,0.0
2022-06-15 23:03:00,0.0,0.0
2022-06-15 23:04:00,0.0,0.0
2022-06-15 23:05:00,0.0,0.0
2022-06-15 23:06:00,0.0,0.0
2022-06-15 23:07:00,0.0,0.0
2022-06-15 23:08:00,0.0,0.0
2022-06-15 23:09:00,0.0,0.0
2022-06-15 23:10:00,0.0,0.0
2022-06-15 23:11:00,0.0,0.0
2022-06-15 23:12:00,0.0,0.0
2022-06-15 23:13:00,0.0,0.0
2022-06-15 23:14:00,0.0,0.0
2022-06-15 23:15:00,0.0,0.0
2022-06-15 23:16:00,0.0,0.0
2022-06-15 23:17:00,0.0,0.0
2022-06-15 23:18:00,0.0,0.0
2022-06-15 23:19:00,0.0,0.0
2022-06-15 23:20:00,0.0,0.0
2022-06-15 23:21:00,0.0,0.0
2022-06-15 23:22:00,0.0,0.0
2022-06-15 23:23:00,0.0,0.0
2022-06-15 23:24:00,0.0,0.0
2022-06-15 23:25:00,0.0,0.0
2022-06-15 23:26:00,0.0,0.0
2022-06-15 23:27:00,0.0,0.0
2022-06-15 23:28:00,0.0,0.0
2022-06-15 23:29:00,0.0,0.0
2022-06-15 23:30:00,0.0,0.0
2022-06-15 23:31:00,0.0,0.0
2022-06-15 23:32:00,0.0,0.0
2022-06-15 23:33:00,0.0,0.0
2022-06-15 23:34:00,0.0,0.0
2022-06-15 23:35:00,0.0,0.0
2022-06-15 23:36:00,0.0,0.0
2022-06-15 23:37:00,0.0,0.0
2022-06-15 23:38:00,0.0,0.0
2022-06-15 23:39:00,0.0,0.0
2022-06-15 23:40:00,0.0,0.0
2022-06-15 23:41:00,0.0,0.0
2022-06-15 23:42:00,0.0,0.0
2022-06-15 23:43:00,0.0,0.0
2022-06-15 23:44:00,0.0,0.0
2022-06-15 23:45:00,0.0,0.0
2022-06-15 23:46:00,0.0,0.0
2022-06-15 23:47:00,0.0,0.0
2022-06-15 23:48:00,0.0,0.0
2022-06-15 23:49:00,0.0,0.0
2022-06-15 23:50:00,0.0,0.0
2022-06-15 23:51:00,0.0,0.0
2022-06-15 23:52:00,0.0,0.0
2022-06-15 23:53:00,0.0,0.0
2022-06-15 23:54:00,0.0,0.0
2022-06-15 23:55:00,0.0,0.0
2022-06-15 23:56:00,0.0,0.0
2022-06-15 23:57:00,0.0,0.0
2022-06-15 23:58:00,0.0,0.0
2022-06-15 23:59:00,0.0,0.0
